CITY_ID,CITY,STATE_ID,State,,,CITY,UT_ID,UT
C001,Chittoor,S01,Andhra Pradesh,,,Andaman1,S30,Andaman & Nicobar
C002,East Godavari,S01,Andhra Pradesh,,,Nicobar1,S30,Andaman & Nicobar
C003,Guntur,S01,Andhra Pradesh,,,Chandigarh,S31,Chandigarh
C004,Nellore,S01,Andhra Pradesh,,,Dadra&NagarHavei,S32,Dadra&NagarHavei
C005,Kadapa,S01,Andhra Pradesh,,,Daman,S33,Daman & Diu
C006,Krishna,S01,Andhra Pradesh,,,Diu,S33,Daman & Diu
C007,Kurnool,S01,Andhra Pradesh,,,Lakshwadeep,S34,Lakshwadeep
C008,Srikakulam,S01,Andhra Pradesh,,,Karaikal,S35,Pondicherry
C009,Vishakapatnam,S01,Andhra Pradesh,,,Mahe,S35,Pondicherry
C010,Vijaynagaram T,S01,Andhra Pradesh,,,Puducherry,S35,Pondicherry
C011,West Godawari,S01,Andhra Pradesh,,,Yanam,S35,Pondicherry
C012,Changlang™,S02,Arunachal Pradesh,,,Central Delhi,S36,Delhi
C013,DibangValley™,S02,Arunachal Pradesh,,,East Delhi,S36,Delhi
C014,Kameng East™ & Kameng West™,S02,Arunachal Pradesh,,,North-East Delhi,S36,Delhi
C015,Lohit™,S02,Arunachal Pradesh,,,North-West Delhi,S36,Delhi
C016,Popumpare™,S02,Arunachal Pradesh,,,New Delhi,S36,Delhi
C017,Siang East™,S02,Arunachal Pradesh,,,North Delhi,S36,Delhi
C018,Siang Upper™,S02,Arunachal Pradesh,,,South-West Delhi,S36,Delhi
C019,Siang West™,S02,Arunachal Pradesh,,,South Delhi,S36,Delhi
C020,Subansiri Lower™,S02,Arunachal Pradesh,,,West Delhi,S36,Delhi
C021,Subansiri Upper™,S02,Arunachal Pradesh,,,,,
C022,Tawang™,S02,Arunachal Pradesh,,,,,
C023,Tirap™,S02,Arunachal Pradesh,,,,,
C024,Barpeta,S03,Assam,,,,,
C025,Bongaigaon,S03,Assam,,,,,
C026,Cahar,S03,Assam,,,,,
C027,Darrang,S03,Assam,,,,,
C028,Dhemaji,S03,Assam,,,,,
C029,Dhubari,S03,Assam,,,,,
C030,Dibrugarh,S03,Assam,,,,,
C031,Goalpara,S03,Assam,,,,,
C032,Goalghat,S03,Assam,,,,,
C033,Hailakandi,S03,Assam,,,,,
C034,Jorhat,S03,Assam,,,,,
C035,Kamrup,S03,Assam,,,,,
C036,Karbi Anglong,S03,Assam,,,,,
C037,Karimganj,S03,Assam,,,,,
C038,Kokrajhar,S03,Assam,,,,,
C039,Lakhimpur,S03,Assam,,,,,
C040,Morigaon,S03,Assam,,,,,
C041,North Cachar Hills,S03,Assam,,,,,
C042,Naogaon,S03,Assam,,,,,
C043,Nalbari,S03,Assam,,,,,
C044,Sibsagar,S03,Assam,,,,,
C045,Sonitpur,S03,Assam,,,,,
C046,Tinsukia,S03,Assam,,,,,
C047,Araria,S04,Bihar,,,,,
C048,Aurangabad,S04,Bihar,,,,,
C049,Banka,S04,Bihar,,,,,
C050,Begusarai,S04,Bihar,,,,,
C051,Bhabua,S04,Bihar,,,,,
C052,Bhagalpur,S04,Bihar,,,,,
C053,Bhojpur,S04,Bihar,,,,,
C054,Buxar,S04,Bihar,,,,,
C055,Darbhanga,S04,Bihar,,,,,
C056,Gaya,S04,Bihar,,,,,
C057,Gopalganj,S04,Bihar,,,,,
C058,Jamui,S04,Bihar,,,,,
C059,Jehanabad,S04,Bihar,,,,,
C060,Katihar,S04,Bihar,,,,,
C061,Khagaria,S04,Bihar,,,,,
C062,Kishanganj,S04,Bihar,,,,,
C063,Lakhisarai,S04,Bihar,,,,,
C064,Madhepura,S04,Bihar,,,,,
C065,Madhubani,S04,Bihar,,,,,
C066,Munger,S04,Bihar,,,,,
C067,Muzaffarpur,S04,Bihar,,,,,
C068,Nalanda,S04,Bihar,,,,,
C069,Nawada,S04,Bihar,,,,,
C070,Pashchimi Champaran,S04,Bihar,,,,,
C071,Patna,S04,Bihar,,,,,
C072,Purbi Champaran,S04,Bihar,,,,,
C073,Purnia,S04,Bihar,,,,,
C074,Rohtas,S04,Bihar,,,,,
C075,Saharsa,S04,Bihar,,,,,
C076,Samastipur,S04,Bihar,,,,,
C077,Saran,S04,Bihar,,,,,
C078,Sheikhpura,S04,Bihar,,,,,
C079,Sheohar,S04,Bihar,,,,,
C080,Sitamarhi,S04,Bihar,,,,,
C081,Siwan,S04,Bihar,,,,,
C082,Supaul,S04,Bihar,,,,,
C083,Vaishali,S04,Bihar,,,,,
C084,Bastar,S05,Chhattisgarh,,,,,
C085,Bijapur,S05,Chhattisgarh,,,,,
C086,Bilaspur,S05,Chhattisgarh,,,,,
C087,Dakshin Bastar Dantewada,S05,Chhattisgarh,,,,,
C088,Durg,S05,Chhattisgarh,,,,,
C089,Janjgir - Champa,S05,Chhattisgarh,,,,,
C090,Jashpur,S05,Chhattisgarh,,,,,
C091,Kabeerdham,S05,Chhattisgarh,,,,,
C092,Korba,S05,Chhattisgarh,,,,,
C093,Koriya,S05,Chhattisgarh,,,,,
C094,Mahasamund,S05,Chhattisgarh,,,,,
C095,Narayanpur,S05,Chhattisgarh,,,,,
C096,Raigarh,S05,Chhattisgarh,,,,,
C097,Dhamtari,S05,Chhattisgarh,,,,,
C098,Raipur,S05,Chhattisgarh,,,,,
C099,Rajnandgaon,S05,Chhattisgarh,,,,,
C100,Surguja,S05,Chhattisgarh,,,,,
C101,Uttar Bastar Kanker,S05,Chhattisgarh,,,,,
C102,Adilabad,S06,Telangana,,,,,
C103,Anantapur,S06,Telangana,,,,,
C104,Karimnagar,S06,Telangana,,,,,
C105,Khammam,S06,Telangana,,,,,
C106,Hyderabad & Rangareddy,S06,Telangana,,,,,
C107,Mahboob Nagar,S06,Telangana,,,,,
C108,Medak,S06,Telangana,,,,,
C109,Nalgonda,S06,Telangana,,,,,
C110,Nizambad,S06,Telangana,,,,,
C111,Prakasam,S06,Telangana,,,,,
C112,Warangal,S06,Telangana,,,,,
C113,Ahmadabad,S07,Gujarat,,,,,
C114,Amreli,S07,Gujarat,,,,,
C115,Anand,S07,Gujarat,,,,,
C116,Banas Kantha,S07,Gujarat,,,,,
C117,Bharuch,S07,Gujarat,,,,,
C118,Bhavnagar,S07,Gujarat,,,,,
C119,Dohad,S07,Gujarat,,,,,
C120,Gandhinagar,S07,Gujarat,,,,,
C121,Jamnagar,S07,Gujarat,,,,,
C122,Junagadh,S07,Gujarat,,,,,
C123,Kachchh,S07,Gujarat,,,,,
C124,Kheda,S07,Gujarat,,,,,
C125,Mahesana,S07,Gujarat,,,,,
C126,Narmada,S07,Gujarat,,,,,
C127,Navsari,S07,Gujarat,,,,,
C128,Panch Mahals,S07,Gujarat,,,,,
C129,Patan,S07,Gujarat,,,,,
C130,Porbandar,S07,Gujarat,,,,,
C131,Rajkot,S07,Gujarat,,,,,
C132,Sabar Kantha,S07,Gujarat,,,,,
C133,Surat,S07,Gujarat,,,,,
C134,Surendranagar,S07,Gujarat,,,,,
C135,Tapi,S07,Gujarat,,,,,
C136,The Dangs,S07,Gujarat,,,,,
C137,Vadodara,S07,Gujarat,,,,,
C138,Valsad,S07,Gujarat,,,,,
C139,Ambala,S08,Haryana,,,,,
C140,Bhiwani,S08,Haryana,,,,,
C141,Faridabad,S08,Haryana,,,,,
C142,Fatehabad,S08,Haryana,,,,,
C143,Gurgaon,S08,Haryana,,,,,
C144,Hisar,S08,Haryana,,,,,
C145,Jhajjar,S08,Haryana,,,,,
C146,Jind,S08,Haryana,,,,,
C147,Kaithal,S08,Haryana,,,,,
C148,Karnal,S08,Haryana,,,,,
C149,Kurukshetra,S08,Haryana,,,,,
C150,Mahendragarh,S08,Haryana,,,,,
C151,Mewat,S08,Haryana,,,,,
C152,Palwal,S08,Haryana,,,,,
C153,Panchkula,S08,Haryana,,,,,
C154,Panipat,S08,Haryana,,,,,
C155,Rewari,S08,Haryana,,,,,
C156,Rohtak,S08,Haryana,,,,,
C157,Sirsa,S08,Haryana,,,,,
C158,Sonipat,S08,Haryana,,,,,
C159,Yamunanagar,S08,Haryana,,,,,
C160,Bilaspur,S09,Himachal Pradesh,,,,,
C161,Chamba,S09,Himachal Pradesh,,,,,
C162,Hamirpur,S09,Himachal Pradesh,,,,,
C163,Kangra,S09,Himachal Pradesh,,,,,
C164,Kinnaur,S09,Himachal Pradesh,,,,,
C165,Kullu,S09,Himachal Pradesh,,,,,
C166,Lahul AND Spiti,S09,Himachal Pradesh,,,,,
C167,Mandi,S09,Himachal Pradesh,,,,,
C168,Shimla,S09,Himachal Pradesh,,,,,
C169,Sirmaur,S09,Himachal Pradesh,,,,,
C170,Solan,S09,Himachal Pradesh,,,,,
C171,Una,S09,Himachal Pradesh,,,,,
C172,Anantnag,S10,J&K,,,,,
C173,Badgam,S10,J&K,,,,,
C174,Bandipore,S10,J&K,,,,,
C175,Baramula,S10,J&K,,,,,
C176,Doda,S10,J&K,,,,,
C177,Ganderbal,S10,J&K,,,,,
C178,Jammu,S10,J&K,,,,,
C179,Kargil,S10,J&K,,,,,
C180,Kathua,S10,J&K,,,,,
C181,Kishtwar,S10,J&K,,,,,
C182,Kulgam,S10,J&K,,,,,
C183,Kupwara,S10,J&K,,,,,
C184,Leh(Ladakh),S10,J&K,,,,,
C185,Pulwama,S10,J&K,,,,,
C186,Poonch,S10,J&K,,,,,
C187,Rajouri,S10,J&K,,,,,
C188,Ramban,S10,J&K,,,,,
C189,Reasi,S10,J&K,,,,,
C190,Samba,S10,J&K,,,,,
C191,Shupiyan,S10,J&K,,,,,
C192,Srinagar,S10,J&K,,,,,
C193,Udhampur,S10,J&K,,,,,
C194,Bokaro,S11,Jharkhand,,,,,
C195,Chatra,S11,Jharkhand,,,,,
C196,Deoghar,S11,Jharkhand,,,,,
C197,Dhanbad,S11,Jharkhand,,,,,
C198,Dumka,S11,Jharkhand,,,,,
C199,Garhwa,S11,Jharkhand,,,,,
C200,Giridih,S11,Jharkhand,,,,,
C201,Godda,S11,Jharkhand,,,,,
C202,Gumla,S11,Jharkhand,,,,,
C203,Hazaribagh,S11,Jharkhand,,,,,
C204,Jamtara,S11,Jharkhand,,,,,
C205,Khunti,S11,Jharkhand,,,,,
C206,Kodarma,S11,Jharkhand,,,,,
C207,Latehar,S11,Jharkhand,,,,,
C208,Lohardaga,S11,Jharkhand,,,,,
C209,Pakur,S11,Jharkhand,,,,,
C210,Palamu,S11,Jharkhand,,,,,
C211,Pashchimi Singhbhum,S11,Jharkhand,,,,,
C212,Purbi Singhbhum,S11,Jharkhand,,,,,
C213,Ramgarh,S11,Jharkhand,,,,,
C214,Ranchi,S11,Jharkhand,,,,,
C215,Sahibganj,S11,Jharkhand,,,,,
C216,Saraikela-Kharsawan,S11,Jharkhand,,,,,
C217,Simdega,S11,Jharkhand,,,,,
C218,Bagalkot,S12,Karnataka,,,,,
C219,Bangalore,S12,Karnataka,,,,,
C220,Bangalore Rural,S12,Karnataka,,,,,
C221,Belgaum,S12,Karnataka,,,,,
C222,Bellary,S12,Karnataka,,,,,
C223,Bidar,S12,Karnataka,,,,,
C224,Bijapur,S12,Karnataka,,,,,
C225,Chamarajanagar,S12,Karnataka,,,,,
C226,Chikkaballapura,S12,Karnataka,,,,,
C227,Chikmagalur,S12,Karnataka,,,,,
C228,Chitradurga,S12,Karnataka,,,,,
C229,Dakshina Kannada,S12,Karnataka,,,,,
C230,Davanagere,S12,Karnataka,,,,,
C231,Dharwad,S12,Karnataka,,,,,
C232,Gadag,S12,Karnataka,,,,,
C233,Gulbarga,S12,Karnataka,,,,,
C234,Hassan,S12,Karnataka,,,,,
C235,Haveri,S12,Karnataka,,,,,
C236,Kodagu,S12,Karnataka,,,,,
C237,Kolar,S12,Karnataka,,,,,
C238,Koppal,S12,Karnataka,,,,,
C239,Mandya,S12,Karnataka,,,,,
C240,Mysore,S12,Karnataka,,,,,
C241,Raichur,S12,Karnataka,,,,,
C242,Ramanagara,S12,Karnataka,,,,,
C243,Shimoga,S12,Karnataka,,,,,
C244,Tumkur,S12,Karnataka,,,,,
C245,Udupi,S12,Karnataka,,,,,
C246,Uttara Kannada,S12,Karnataka,,,,,
C247,Yadgir,S12,Karnataka,,,,,
C248,Alappuzha,S13,Kerela,,,,,
C249,Ernakulam,S13,Kerela,,,,,
C250,Idukki,S13,Kerela,,,,,
C251,Kannur,S13,Kerela,,,,,
C252,Kasaragod,S13,Kerela,,,,,
C253,Kollam,S13,Kerela,,,,,
C254,Kottayam,S13,Kerela,,,,,
C255,Kozhikode,S13,Kerela,,,,,
C256,Malappuram,S13,Kerela,,,,,
C257,Palakkad,S13,Kerela,,,,,
C258,Pathanamthitta,S13,Kerela,,,,,
C259,Thiruvananthapuram,S13,Kerela,,,,,
C260,Thrissur,S13,Kerela,,,,,
C261,Wayanad,S13,Kerela,,,,,
C262,Alirajpur,S14,Madhya Pradesh,,,,,
C263,Anuppur,S14,Madhya Pradesh,,,,,
C264,Ashoknagar,S14,Madhya Pradesh,,,,,
C265,Balaghat,S14,Madhya Pradesh,,,,,
C266,Barwani,S14,Madhya Pradesh,,,,,
C267,Betul,S14,Madhya Pradesh,,,,,
C268,Bhind,S14,Madhya Pradesh,,,,,
C269,Bhopal,S14,Madhya Pradesh,,,,,
C270,Burhanpur,S14,Madhya Pradesh,,,,,
C271,Chhatarpur,S14,Madhya Pradesh,,,,,
C272,Chhindwara,S14,Madhya Pradesh,,,,,
C273,Damoh,S14,Madhya Pradesh,,,,,
C274,Datia,S14,Madhya Pradesh,,,,,
C275,Dewas,S14,Madhya Pradesh,,,,,
C276,Dhar,S14,Madhya Pradesh,,,,,
C277,Dindori,S14,Madhya Pradesh,,,,,
C278,Guna,S14,Madhya Pradesh,,,,,
C279,Gwalior,S14,Madhya Pradesh,,,,,
C280,Harda,S14,Madhya Pradesh,,,,,
C281,Hoshangabad,S14,Madhya Pradesh,,,,,
C282,Indore,S14,Madhya Pradesh,,,,,
C283,Jabalpur,S14,Madhya Pradesh,,,,,
C284,Jhabua,S14,Madhya Pradesh,,,,,
C285,Katni,S14,Madhya Pradesh,,,,,
C286,Khandwa (East Nimar),S14,Madhya Pradesh,,,,,
C287,Khargone (West Nimar),S14,Madhya Pradesh,,,,,
C288,Mandla,S14,Madhya Pradesh,,,,,
C289,Mandsaur,S14,Madhya Pradesh,,,,,
C290,Morena,S14,Madhya Pradesh,,,,,
C291,Narsimhapur,S14,Madhya Pradesh,,,,,
C292,Neemuch,S14,Madhya Pradesh,,,,,
C293,Panna,S14,Madhya Pradesh,,,,,
C294,Raisen,S14,Madhya Pradesh,,,,,
C295,Rajgarh,S14,Madhya Pradesh,,,,,
C296,Ratlam,S14,Madhya Pradesh,,,,,
C297,Rewa,S14,Madhya Pradesh,,,,,
C298,Sagar,S14,Madhya Pradesh,,,,,
C299,Satna,S14,Madhya Pradesh,,,,,
C300,Sehore,S14,Madhya Pradesh,,,,,
C301,Seoni,S14,Madhya Pradesh,,,,,
C302,Shahdol,S14,Madhya Pradesh,,,,,
C303,Shajapur,S14,Madhya Pradesh,,,,,
C304,Sheopur,S14,Madhya Pradesh,,,,,
C305,Shivpuri,S14,Madhya Pradesh,,,,,
C306,Sidhi,S14,Madhya Pradesh,,,,,
C307,Singrauli,S14,Madhya Pradesh,,,,,
C308,Tikamgarh,S14,Madhya Pradesh,,,,,
C309,Ujjain,S14,Madhya Pradesh,,,,,
C310,Umaria,S14,Madhya Pradesh,,,,,
C311,Vidisha,S14,Madhya Pradesh,,,,,
C312,Ahmadnagar1,S15,Maharashtra,,,,,
C313,Akola,S15,Maharashtra,,,,,
C314,Amravati1,S15,Maharashtra,,,,,
C315,Aurangbad,S15,Maharashtra,,,,,
C316,Bhandara,S15,Maharashtra,,,,,
C317,Bid,S15,Maharashtra,,,,,
C318,Buldhana,S15,Maharashtra,,,,,
C319,Chandrapur1,S15,Maharashtra,,,,,
C320,DhuleT,S15,Maharashtra,,,,,
C321,Gadchiroli1,S15,Maharashtra,,,,,
C322,Gondia,S15,Maharashtra,,,,,
C323,Hingoli,S15,Maharashtra,,,,,
C324,Jalgaon1,S15,Maharashtra,,,,,
C325,Jalna,S15,Maharashtra,,,,,
C326,"Kolhapur""",S15,Maharashtra,,,,,
C327,Latur,S15,Maharashtra,,,,,
C328,Mumbai City,S15,Maharashtra,,,,,
C329,Mumbai Suburban,S15,Maharashtra,,,,,
C330,Nagpur1,S15,Maharashtra,,,,,
C331,Nanded,S15,Maharashtra,,,,,
C332,Nandurbar1,S15,Maharashtra,,,,,
C333,Nasik™,S15,Maharashtra,,,,,
C334,Osmanabad,S15,Maharashtra,,,,,
C335,Parbani,S15,Maharashtra,,,,,
C336,Pune™,S15,Maharashtra,,,,,
C337,"Raigarh""",S15,Maharashtra,,,,,
C338,"Ratnagiri""",S15,Maharashtra,,,,,
C339,Sangli,S15,Maharashtra,,,,,
C340,SataraH,S15,Maharashtra,,,,,
C341,Sholapur,S15,Maharashtra,,,,,
C342,"Sindhudurg""",S15,Maharashtra,,,,,
C343,Thane1,S15,Maharashtra,,,,,
C344,Wardha,S15,Maharashtra,,,,,
C345,Washim,S15,Maharashtra,,,,,
C346,Yavatmal1,S15,Maharashtra,,,,,
C347,Bishnupur™,S16,Manipur,,,,,
C348,Chandel™,S16,Manipur,,,,,
C349,Churachandpur™,S16,Manipur,,,,,
C350,Imphal East™,S16,Manipur,,,,,
C351,Imphal West™,S16,Manipur,,,,,
C352,Senapati™,S16,Manipur,,,,,
C353,Tamenglong™,S16,Manipur,,,,,
C354,Thoubal™,S16,Manipur,,,,,
C355,Ukhrul™,S16,Manipur,,,,,
C356,East GaroHills™,S17,Meghalaya,,,,,
C357,East Khasi Hills™,S17,Meghalaya,,,,,
C358,Jaintia™,S17,Meghalaya,,,,,
C359,Ribhoi™,S17,Meghalaya,,,,,
C360,South GaroHills™,S17,Meghalaya,,,,,
C361,West GaroHills™,S17,Meghalaya,,,,,
C362,West Khasi Hills™,S17,Meghalaya,,,,,
C363,Aizwal™,S18,Mizoram,,,,,
C364,Champhai™,S18,Mizoram,,,,,
C365,Kolasib™,S18,Mizoram,,,,,
C366,Lawngtlai™,S18,Mizoram,,,,,
C367,Lunglei™,S18,Mizoram,,,,,
C368,Mamit™,S18,Mizoram,,,,,
C369,Saiha™,S18,Mizoram,,,,,
C370,Serchhip™,S18,Mizoram,,,,,
C371,Dimapur™,S19,Nagaland,,,,,
C372,Kohima™,S19,Nagaland,,,,,
C373,Mokokchung™,S19,Nagaland,,,,,
C374,Mon™,S19,Nagaland,,,,,
C375,Phek™,S19,Nagaland,,,,,
C376,Tuensang™,S19,Nagaland,,,,,
C377,Wokha™,S19,Nagaland,,,,,
C378,Zunheboto™,S19,Nagaland,,,,,
C379,Angul,S20,Orissa,,,,,
C380,Baleshwar1,S20,Orissa,,,,,
C381,Baragarh,S20,Orissa,,,,,
C382,Bhadrak,S20,Orissa,,,,,
C383,Bolangir,S20,Orissa,,,,,
C384,Boudh,S20,Orissa,,,,,
C385,Cuttack,S20,Orissa,,,,,
C386,Deogarh,S20,Orissa,,,,,
C387,Dhenkanal,S20,Orissa,,,,,
C388,Gajpatf,S20,Orissa,,,,,
C389,Ganjam,S20,Orissa,,,,,
C390,Jagatsinghpur,S20,Orissa,,,,,
C391,Jajpur,S20,Orissa,,,,,
C392,Jharsuguda,S20,Orissa,,,,,
C393,Kalahandf,S20,Orissa,,,,,
C394,Kendrapara,S20,Orissa,,,,,
C395,Keonjhar1,S20,Orissa,,,,,
C396,Khandamal1,S20,Orissa,,,,,
C397,Khurda,S20,Orissa,,,,,
C398,Koraput1,S20,Orissa,,,,,
C399,Malkangirf,S20,Orissa,,,,,
C400,Mayurbhanj1,S20,Orissa,,,,,
C401,Nawapara,S20,Orissa,,,,,
C402,Nawrangpur1,S20,Orissa,,,,,
C403,Nayagarh,S20,Orissa,,,,,
C404,Puri,S20,Orissa,,,,,
C405,Rayagada1,S20,Orissa,,,,,
C406,Sambalpur1,S20,Orissa,,,,,
C407,Sonepur,S20,Orissa,,,,,
C408,Sundargarh1,S20,Orissa,,,,,
C409,Amritsar,S21,Punjab,,,,,
C410,Bathinda,S21,Punjab,,,,,
C411,Faridkot,S21,Punjab,,,,,
C412,Fatehgarh Sahib,S21,Punjab,,,,,
C413,Firozpur,S21,Punjab,,,,,
C414,Gurdaspur,S21,Punjab,,,,,
C415,Hoshiarpur,S21,Punjab,,,,,
C416,Jalandhar,S21,Punjab,,,,,
C417,Kapurthala,S21,Punjab,,,,,
C418,Ludhiana,S21,Punjab,,,,,
C419,Mansa,S21,Punjab,,,,,
C420,Moga,S21,Punjab,,,,,
C421,Muktsar,S21,Punjab,,,,,
C422,Nawanshahar,S21,Punjab,,,,,
C423,Patiala,S21,Punjab,,,,,
C424,Roopnagar,S21,Punjab,,,,,
C425,Sangrur,S21,Punjab,,,,,
C426,Ajmer,S22,Rajasthan,,,,,
C427,Alwar,S22,Rajasthan,,,,,
C428,Banswara1,S22,Rajasthan,,,,,
C429,Baran,S22,Rajasthan,,,,,
C430,Barmer,S22,Rajasthan,,,,,
C431,Bharatpur,S22,Rajasthan,,,,,
C432,Bhilwara,S22,Rajasthan,,,,,
C433,Bikaner,S22,Rajasthan,,,,,
C434,Bundi,S22,Rajasthan,,,,,
C435,Chittorgarh1,S22,Rajasthan,,,,,
C436,Churu,S22,Rajasthan,,,,,
C437,Dhaulpur,S22,Rajasthan,,,,,
C438,Dungarpur1,S22,Rajasthan,,,,,
C439,Ganganagar,S22,Rajasthan,,,,,
C440,Jaipur,S22,Rajasthan,,,,,
C441,Jaisalmer,S22,Rajasthan,,,,,
C442,Jalore,S22,Rajasthan,,,,,
C443,Jhalawar,S22,Rajasthan,,,,,
C444,Jhunjhunun,S22,Rajasthan,,,,,
C445,Jodhpur,S22,Rajasthan,,,,,
C446,Kota,S22,Rajasthan,,,,,
C447,Nagaur,S22,Rajasthan,,,,,
C448,Pali,S22,Rajasthan,,,,,
C449,Rajsamand,S22,Rajasthan,,,,,
C450,Sawai Madhopur,S22,Rajasthan,,,,,
C451,Sikar,S22,Rajasthan,,,,,
C452,Sirohf,S22,Rajasthan,,,,,
C453,Tonk,S22,Rajasthan,,,,,
C454,Udaipur1,S22,Rajasthan,,,,,
C455,East,S23,Sikkim,,,,,
C456,North,S23,Sikkim,,,,,
C457,South,S23,Sikkim,,,,,
C458,West,S23,Sikkim,,,,,
C459,Ariyalur,S24,Tamil Nadu,,,,,
C460,Chennai,S24,Tamil Nadu,,,,,
C461,"Coimbatore""",S24,Tamil Nadu,,,,,
C462,Cuddalore,S24,Tamil Nadu,,,,,
C463,Dharampurf,S24,Tamil Nadu,,,,,
C464,Dindigul (Anna),S24,Tamil Nadu,,,,,
C465,Erode (Periyar),S24,Tamil Nadu,,,,,
C466,Kancheepuram,S24,Tamil Nadu,,,,,
C467,"Kanniyakumari""",S24,Tamil Nadu,,,,,
C468,Karur,S24,Tamil Nadu,,,,,
C469,"Madurai""",S24,Tamil Nadu,,,,,
C470,Nagapattinam,S24,Tamil Nadu,,,,,
C471,Namakkal1,S24,Tamil Nadu,,,,,
C472,Perambalur1,S24,Tamil Nadu,,,,,
C473,Pudukkottai,S24,Tamil Nadu,,,,,
C474,Ramanathapuram,S24,Tamil Nadu,,,,,
C475,Salem1,S24,Tamil Nadu,,,,,
C476,Sivaganga,S24,Tamil Nadu,,,,,
C477,Thanjavur,S24,Tamil Nadu,,,,,
C478,The NiligirisH,S24,Tamil Nadu,,,,,
C479,Theni,S24,Tamil Nadu,,,,,
C480,Thiruvallur,S24,Tamil Nadu,,,,,
C481,Thiruvarur,S24,Tamil Nadu,,,,,
C482,Tiruchchirapallf,S24,Tamil Nadu,,,,,
C483,"Tirunelveli""",S24,Tamil Nadu,,,,,
C484,Tiruvannamalaf,S24,Tamil Nadu,,,,,
C485,Toothukudi,S24,Tamil Nadu,,,,,
C486,Vellore,S24,Tamil Nadu,,,,,
C487,Villupuram,S24,Tamil Nadu,,,,,
C488,Virudhnagar,S24,Tamil Nadu,,,,,
C489,Dhalai,S25,Tripura,,,,,
C490,North Tripura,S25,Tripura,,,,,
C491,South Tripura,S25,Tripura,,,,,
C492,West Tripura,S25,Tripura,,,,,
C493,Agra,S26,Uttar Pradesh,,,,,
C494,Aligarh,S26,Uttar Pradesh,,,,,
C495,Allahabad,S26,Uttar Pradesh,,,,,
C496,AmbedkarNagar,S26,Uttar Pradesh,,,,,
C497,Azamgarh,S26,Uttar Pradesh,,,,,
C498,Bagpat,S26,Uttar Pradesh,,,,,
C499,Bahraich&Shravasti,S26,Uttar Pradesh,,,,,
C500,Balia,S26,Uttar Pradesh,,,,,
C501,Balrampur,S26,Uttar Pradesh,,,,,
C502,Banda,S26,Uttar Pradesh,,,,,
C503,Barabanki,S26,Uttar Pradesh,,,,,
C504,Bareilly,S26,Uttar Pradesh,,,,,
C505,Basti,S26,Uttar Pradesh,,,,,
C506,Bijnore,S26,Uttar Pradesh,,,,,
C507,Badaun,S26,Uttar Pradesh,,,,,
C508,Bulandshahar,S26,Uttar Pradesh,,,,,
C509,Chandauli,S26,Uttar Pradesh,,,,,
C510,Chitrakoot,S26,Uttar Pradesh,,,,,
C511,Deoria,S26,Uttar Pradesh,,,,,
C512,Etah,S26,Uttar Pradesh,,,,,
C513,Etawa,S26,Uttar Pradesh,,,,,
C514,Faizabad,S26,Uttar Pradesh,,,,,
C515,Farrukhabad,S26,Uttar Pradesh,,,,,
C516,Fatehpur,S26,Uttar Pradesh,,,,,
C517,Firozabad,S26,Uttar Pradesh,,,,,
C518,Gautam Budh Nagar,S26,Uttar Pradesh,,,,,
C519,Ghaziabad,S26,Uttar Pradesh,,,,,
C520,Ghazipur,S26,Uttar Pradesh,,,,,
C521,Gonda,S26,Uttar Pradesh,,,,,
C522,Gorakhpur,S26,Uttar Pradesh,,,,,
C523,Hamirpur,S26,Uttar Pradesh,,,,,
C524,Hardoi,S26,Uttar Pradesh,,,,,
C525,Hathras,S26,Uttar Pradesh,,,,,
C526,Jyotiba Phule Nagar,S26,Uttar Pradesh,,,,,
C527,Jalaun,S26,Uttar Pradesh,,,,,
C528,Jaunpur,S26,Uttar Pradesh,,,,,
C529,Jhansi,S26,Uttar Pradesh,,,,,
C530,Kannauj,S26,Uttar Pradesh,,,,,
C531,Kanpur Nagar&Dehat,S26,Uttar Pradesh,,,,,
C532,Kaushambi,S26,Uttar Pradesh,,,,,
C533,Kheri,S26,Uttar Pradesh,,,,,
C534,Kushinagar,S26,Uttar Pradesh,,,,,
C535,Lalitpur,S26,Uttar Pradesh,,,,,
C536,Lucknow,S26,Uttar Pradesh,,,,,
C537,Maharajganj,S26,Uttar Pradesh,,,,,
C538,Mahoba,S26,Uttar Pradesh,,,,,
C539,Mainpuri,S26,Uttar Pradesh,,,,,
C540,Mathura,S26,Uttar Pradesh,,,,,
C541,Mau,S26,Uttar Pradesh,,,,,
C542,Meerut,S26,Uttar Pradesh,,,,,
C543,Mirzapur,S26,Uttar Pradesh,,,,,
C544,Moradabad,S26,Uttar Pradesh,,,,,
C545,Muzaffarnagar,S26,Uttar Pradesh,,,,,
C546,Oraiya,S26,Uttar Pradesh,,,,,
C547,Pilibhit,S26,Uttar Pradesh,,,,,
C548,Pratapgarh,S26,Uttar Pradesh,,,,,
C549,Rai Bareli,S26,Uttar Pradesh,,,,,
C550,Rampur,S26,Uttar Pradesh,,,,,
C551,Saharanpur,S26,Uttar Pradesh,,,,,
C552,Sant Kabir Nagar,S26,Uttar Pradesh,,,,,
C553,Sant Ravidas Nagar,S26,Uttar Pradesh,,,,,
C554,Shahjahanpur,S26,Uttar Pradesh,,,,,
C555,Siddharth Nagar,S26,Uttar Pradesh,,,,,
C556,Sitapur,S26,Uttar Pradesh,,,,,
C557,Sonbhadra,S26,Uttar Pradesh,,,,,
C558,Sultanpur,S26,Uttar Pradesh,,,,,
C559,Unnao,S26,Uttar Pradesh,,,,,
C560,Varanasi,S26,Uttar Pradesh,,,,,
C561,AlmoraH,S27,Uttarakhand,,,,,
C562,"Bageshwar""",S27,Uttarakhand,,,,,
C563,"Chamoli""",S27,Uttarakhand,,,,,
C564,"Champawat""",S27,Uttarakhand,,,,,
C565,"Dehradun""",S27,Uttarakhand,,,,,
C566,"Pauri Garhwal""",S27,Uttarakhand,,,,,
C567,"Haridwar""",S27,Uttarakhand,,,,,
C568,"Nainital""",S27,Uttarakhand,,,,,
C569,"Pithoragarh""",S27,Uttarakhand,,,,,
C570,"Rudraprayag""",S27,Uttarakhand,,,,,
C571,"Tehri Garhwal""",S27,Uttarakhand,,,,,
C572,"UdhamSinghNagar""",S27,Uttarakhand,,,,,
C573,"Uttarkashi""",S27,Uttarakhand,,,,,
C574,Bankura1,S28,West Bengal,,,,,
C575,Bardhman1,S28,West Bengal,,,,,
C576,Birbhum1,S28,West Bengal,,,,,
C577,Kolkata,S28,West Bengal,,,,,
C578,Coochbehar,S28,West Bengal,,,,,
C579,Dakshin Dinajpur1,S28,West Bengal,,,,,
C580,Darjeeling™,S28,West Bengal,,,,,
C581,Howrah,S28,West Bengal,,,,,
C582,Hoogli,S28,West Bengal,,,,,
C583,Jalpaigurf,S28,West Bengal,,,,,
C584,MaldaT,S28,West Bengal,,,,,
C585,Medinipur1,S28,West Bengal,,,,,
C586,Murshidabad1,S28,West Bengal,,,,,
C587,Nadia,S28,West Bengal,,,,,
C588,North 24 Pargana,S28,West Bengal,,,,,
C589,Purulia1,S28,West Bengal,,,,,
C590,South 24 Pargana1,S28,West Bengal,,,,,
C591,Uttar Dinajpur,S28,West Bengal,,,,,
C592,North Goa,S29,Goa,,,,,
C593,South Goa,S29,Goa,,,,,